<?xml version="1.0" encoding="UTF-8"?>
<!DOCTYPE ejb-jar PUBLIC "-//Sun Microsystems, Inc.//DTD Enterprise JavaBeans 2.0//EN" "http://java.sun.com/dtd/ejb-jar_2_0.dtd">
<!-- 
  COPYRIGHT LICENSE: This information contains sample code provided in source 
  code form. You may copy, modify, and distribute these sample programs in any
  form without payment to IBM for the purposes of developing, using, marketing
  or distributing application programs conforming to the application programming
  interface for the operating platform for which the sample code is written. 
  Notwithstanding anything to the contrary, IBM PROVIDES THE SAMPLE SOURCE CODE
  ON AN "AS IS" BASIS AND IBM DISCLAIMS ALL WARRANTIES, EXPRESS OR IMPLIED,
  INCLUDING, BUT NOT LIMITED TO, ANY IMPLIED WARRANTIES OR CONDITIONS OF
  MERCHANTABILITY, SATISFACTORY QUALITY, FITNESS FOR A PARTICULAR PURPOSE, TITLE,
  AND ANY WARRANTY OR CONDITION OF NON-INFRINGEMENT. IBM SHALL NOT BE LIABLE FOR
  ANY DIRECT, INDIRECT, INCIDENTAL, SPECIAL OR CONSEQUENTIAL DAMAGES ARISING OUT
  OF THE USE OR OPERATION OF THE SAMPLE SOURCE CODE. IBM HAS NO OBLIGATION TO
  PROVIDE MAINTENANCE, SUPPORT, UPDATES, ENHANCEMENTS OR MODIFICATIONS TO THE
  SAMPLE SOURCE CODE.
-->

   <ejb-jar id="ejb-jar_ID">
      <display-name>ASContainerManagedEJB</display-name>
      <enterprise-beans>
         <entity id="ContainerManagedEntity_1">
            <display-name>ASContainerManagedEJB</display-name>
            <ejb-name>ASContainerManagedEJB</ejb-name>
            <home>com.ibm.websphere.samples.activitysessions.ASContainerManagedEJB.ASContainerManagedEJBHome</home>
            <remote>com.ibm.websphere.samples.activitysessions.ASContainerManagedEJB.ASContainerManagedEJB</remote>
            <ejb-class>com.ibm.websphere.samples.activitysessions.ASContainerManagedEJB.ASContainerManagedEJBBean</ejb-class>
            <persistence-type>Container</persistence-type>
            <prim-key-class>com.ibm.websphere.samples.activitysessions.ASContainerManagedEJB.ASContainerManagedEJBKey</prim-key-class>
            <reentrant>False</reentrant>
            <cmp-version>2.x</cmp-version>
            <abstract-schema-name>ASSAMPLE</abstract-schema-name>
            <cmp-field id="CMPAttribute_1">
               <field-name>index</field-name>
            </cmp-field>
            <cmp-field id="CMPAttribute_2">
               <field-name>value</field-name>
            </cmp-field>
         </entity>
      </enterprise-beans>
      <assembly-descriptor id="AssemblyDescriptor_1">
         <container-transaction id="MethodTransaction_1">
            <method id="MethodElement_1">
               <ejb-name>ASContainerManagedEJB</ejb-name>
               <method-intf>Remote</method-intf>
               <method-name>*</method-name>
            </method>
            <trans-attribute>NotSupported</trans-attribute>
         </container-transaction>
      </assembly-descriptor>
   </ejb-jar>
